frame_idx,file,fire_score,area_m2,growth_m2_per_s,lat,lon,crs
0,IRX_0529_ref_geo.TIFF,0.9834915995597839,1512.1280052150457,0.0,30.659841828082968,-84.24910502921828,EPSG:26916
1,IRX_0530_ref_geo.TIFF,0.9765655398368835,1512.1280052150457,0.0,30.659841828082968,-84.24910502921828,EPSG:26916
2,IRX_0531_ref_geo.TIFF,0.9648000001907349,1514.7509505840223,2.622945368976616,30.659841891505675,-84.24910480136545,EPSG:26916
3,IRX_0532_ref_geo.TIFF,0.9643175601959229,1668.6881500217942,153.93719943777182,30.659826824171663,-84.24910368156367,EPSG:26916
4,IRX_0533_ref_geo.TIFF,0.9616575241088867,1690.785227517041,22.097077495246822,30.659818516959668,-84.24910541165326,EPSG:26916
5,IRX_0534_ref_geo.TIFF,0.9759589433670044,1620.9060037246816,-69.87922379235943,30.659826494998008,-84.24911140298505,EPSG:26916
6,IRX_0535_ref_geo.TIFF,0.9892565011978149,1227.538432681078,-393.3675710436037,30.659805607270734,-84.24912324329229,EPSG:26916
7,IRX_0536_ref_geo.TIFF,0.9862502813339233,1230.0376542118952,2.4992215308172945,30.65980507402914,-84.24912297796988,EPSG:26916
8,IRX_0537_ref_geo.TIFF,0.9893208742141724,1234.689670526684,4.6520163147888525,30.659805861700395,-84.24912427301233,EPSG:26916
9,IRX_0538_ref_geo.TIFF,0.9906944036483765,1241.3460130196531,6.656342492969088,30.659806674731175,-84.2491252050852,EPSG:26916
10,IRX_0539_ref_geo.TIFF,0.9909331798553467,1239.6633688206869,-1.6826441989662726,30.659806514334548,-84.24912572503149,EPSG:26916
11,IRX_0540_ref_geo.TIFF,0.9908785223960876,1238.6488333477807,-1.0145354729061182,30.659807233999445,-84.24912675403024,EPSG:26916
12,IRX_0541_ref_geo.TIFF,0.9912154674530029,1213.2359569898654,-25.412876357915366,30.65980934007167,-84.24912958022448,EPSG:26916
13,IRX_0542_ref_geo.TIFF,0.9891570806503296,1216.7002244583252,3.464267468459866,30.659809580723437,-84.24912942218417,EPSG:26916
14,IRX_0543_ref_geo.TIFF,0.9893783926963806,1221.2037721673228,4.50354770899753,30.65980847430775,-84.24912872803006,EPSG:26916
15,IRX_0544_ref_geo.TIFF,0.9867286086082458,1218.1601657486046,-3.0436064187181273,30.659807802450956,-84.24912852836434,EPSG:26916
16,IRX_0545_ref_geo.TIFF,0.9860237836837769,1217.4920570225445,-0.6681087260601544,30.659807446703244,-84.2491283546495,EPSG:26916
17,IRX_0546_ref_geo.TIFF,0.9823030829429626,1215.6609442177873,-1.8311128047571401,30.65980731909102,-84.24912883069106,EPSG:26916
18,IRX_0547_ref_geo.TIFF,0.9803138375282288,1219.3479145949336,3.686970377146281,30.65980703509554,-84.2491286896335,EPSG:26916
19,IRX_0548_ref_geo.TIFF,0.978518009185791,1217.3435884167534,-2.0043261781802357,30.65980620339374,-84.24912923550568,EPSG:26916
20,IRX_0549_ref_geo.TIFF,0.983472466468811,1228.6519472245113,11.30835880775794,30.659806589113906,-84.24912896917301,EPSG:26916
21,IRX_0550_ref_geo.TIFF,0.9838274717330933,1276.0381772395142,47.386230015002866,30.65981184938355,-84.24914123576079,EPSG:26916
22,IRX_0551_ref_geo.TIFF,0.982505202293396,1251.417133445818,-24.621043793696117,30.65980793395205,-84.24913517286821,EPSG:26916
23,IRX_0552_ref_geo.TIFF,0.9832030534744263,1303.7275722195602,52.310438773742135,30.65981130767782,-84.24914088831474,EPSG:26916
24,IRX_0553_ref_geo.TIFF,0.9842260479927063,1274.9988969989763,-28.72867522058391,30.65980818582909,-84.24913697581583,EPSG:26916
25,IRX_0554_ref_geo.TIFF,0.982795774936676,1250.6747904168626,-24.3241065821137,30.659806601174747,-84.24913828137024,EPSG:26916
26,IRX_0555_ref_geo.TIFF,0.9216103553771973,1295.066903548411,44.392113131548285,30.65981080452837,-84.24913609738181,EPSG:26916
27,IRX_0556_ref_geo.TIFF,0.8941267728805542,1288.4600505907056,-6.606852957705314,30.659809860930228,-84.24913462249678,EPSG:26916
28,IRX_0557_ref_geo.TIFF,0.9311229586601257,1266.2392492572994,-22.220801333406143,30.65980992080525,-84.24913303254306,EPSG:26916
29,IRX_0558_ref_geo.TIFF,0.916654109954834,1244.265895600212,-21.9733536570875,30.659808386907454,-84.24913085444749,EPSG:26916
30,IRX_0559_ref_geo.TIFF,0.9267013072967529,1233.477176912723,-10.788718687488881,30.659809036393245,-84.24913172723171,EPSG:26916
31,IRX_0560_ref_geo.TIFF,0.9341414570808411,1228.2065414071378,-5.270635505585233,30.659809256533695,-84.24913193481841,EPSG:26916
32,IRX_0561_ref_geo.TIFF,0.9191060066223145,1078.0058018817763,-150.20073952536154,30.65983350989138,-84.24914360612351,EPSG:26916
33,IRX_0562_ref_geo.TIFF,0.9153396487236023,1098.7914066925346,20.785604810758286,30.65982986026528,-84.24914128435367,EPSG:26916
34,IRX_0563_ref_geo.TIFF,0.8989356756210327,1115.122953329559,16.33154663702453,30.659827095551588,-84.24913974210114,EPSG:26916
35,IRX_0564_ref_geo.TIFF,0.8749224543571472,1104.878619529971,-10.244333799588048,30.659829371272252,-84.24913984948593,EPSG:26916
36,IRX_0565_ref_geo.TIFF,0.8813237547874451,1087.977943237414,-16.900676292557137,30.659831787837764,-84.24914091325056,EPSG:26916
37,IRX_0566_ref_geo.TIFF,0.8306795954704285,1118.2655388188048,30.28759558139086,30.65982688930718,-84.24913812356704,EPSG:26916
38,IRX_0567_ref_geo.TIFF,0.8493028283119202,1145.064122164104,26.79858334529922,30.659821896950465,-84.24913552961051,EPSG:26916
39,IRX_0568_ref_geo.TIFF,0.8993555903434753,1153.6010669970942,8.53694483299023,30.65982235589786,-84.24913393254465,EPSG:26916
40,IRX_0569_ref_geo.TIFF,0.8948382139205933,1176.861148571038,23.260081573943808,30.65981930217738,-84.24913198372884,EPSG:26916
41,IRX_0570_ref_geo.TIFF,0.8904977440834045,1196.4590045354676,19.597855964429527,30.659816918235677,-84.24913094472376,EPSG:26916
42,IRX_0571_ref_geo.TIFF,0.8786163330078125,1189.9016411130258,-6.557363422441767,30.65981832808731,-84.24913155619822,EPSG:26916
43,IRX_0572_ref_geo.TIFF,0.8853709101676941,1200.9625522444653,11.060911131439525,30.65981762942582,-84.24913051986171,EPSG:26916
44,IRX_0573_ref_geo.TIFF,0.8323628902435303,1210.8604592972074,9.897907052742084,30.65981768034088,-84.2491305986986,EPSG:26916
45,IRX_0574_ref_geo.TIFF,0.8777270913124084,1219.1994459891425,8.338986691935133,30.659816760506622,-84.24913001842751,EPSG:26916
46,IRX_0575_ref_geo.TIFF,0.9302706718444824,1219.7190861094116,0.5196401202690595,30.65981715600241,-84.24913100936165,EPSG:26916
47,IRX_0576_ref_geo.TIFF,0.8856143355369568,1225.0887006855241,5.3696145761125536,30.659816748428522,-84.24913057921795,EPSG:26916
48,IRX_0577_ref_geo.TIFF,0.805543839931488,1221.0305587939,-4.0581418916242455,30.65981571148362,-84.24913110112026,EPSG:26916
49,IRX_0578_ref_geo.TIFF,0.8722081184387207,1214.9433459564634,-6.087212837436482,30.659815088654604,-84.24913131939016,EPSG:26916
50,IRX_0579_ref_geo.TIFF,0.8825384378433228,1198.3396068754885,-16.603739080974947,30.659815124337776,-84.24913367323555,EPSG:26916
51,IRX_0580_ref_geo.TIFF,0.9161628484725952,1204.6990121568754,6.359405281386898,30.659818978949044,-84.24914151830924,EPSG:26916
52,IRX_0581_ref_geo.TIFF,0.918404757976532,1173.5948392436333,-31.10417291324211,30.65981570742155,-84.24913537367418,EPSG:26916
53,IRX_0582_ref_geo.TIFF,0.9291955232620239,1213.0132540811787,39.41841483754547,30.659821102483825,-84.24915016669085,EPSG:26916
54,IRX_0583_ref_geo.TIFF,0.8994396924972534,1160.2574094900633,-52.75584459111542,30.659815343758442,-84.2491376360888,EPSG:26916
55,IRX_0584_ref_geo.TIFF,0.9043467044830322,1139.1748674677226,-21.082542022340704,30.65981623898242,-84.2491395300012,EPSG:26916
56,IRX_0585_ref_geo.TIFF,0.9081270098686218,1138.3088006006076,-0.8660668671150233,30.659815404843222,-84.24913860837366,EPSG:26916
57,IRX_0586_ref_geo.TIFF,0.8691704273223877,1155.159987357901,16.851186757293362,30.659812712789652,-84.249136526506,EPSG:26916
58,IRX_0587_ref_geo.TIFF,0.9119755029678345,1143.9258628530388,-11.234124504862166,30.65981496231622,-84.2491378390965,EPSG:26916
59,IRX_0588_ref_geo.TIFF,0.9287654757499695,1189.8521515777622,45.92628872472346,30.659825032663022,-84.24915621374511,EPSG:26916
60,IRX_0589_ref_geo.TIFF,0.9420779943466187,1249.214849126583,59.362697548820734,30.659815304694646,-84.24915197270792,EPSG:26916
61,IRX_0590_ref_geo.TIFF,0.9196405410766602,1228.1570518718743,-21.057797254708703,30.6598184844885,-84.24915275321761,EPSG:26916
62,IRX_0591_ref_geo.TIFF,0.8678411245346069,1200.5913807299873,-27.565671141886924,30.659808047594957,-84.24913582161427,EPSG:26916
63,IRX_0592_ref_geo.TIFF,0.865288257598877,1210.415053479834,9.823672749846537,30.659806140408893,-84.24913481231268,EPSG:26916
64,IRX_0593_ref_geo.TIFF,0.921529233455658,1217.912718072286,7.497664592452111,30.65980507195005,-84.24913397203213,EPSG:26916
65,IRX_0594_ref_geo.TIFF,0.9356555938720703,1217.4673122549127,-0.44540581737328466,30.659804183690127,-84.24913323539728,EPSG:26916
66,IRX_0595_ref_geo.TIFF,0.9400561451911926,1212.0976976788002,-5.3696145761125536,30.659803247010124,-84.24913271050873,EPSG:26916
67,IRX_0596_ref_geo.TIFF,0.9446238279342651,1216.4527767820066,4.355079103206435,30.659803142998182,-84.24913182861184,EPSG:26916
68,IRX_0597_ref_geo.TIFF,0.9394446015357971,1219.4468936654612,2.9941168834545806,30.659802735393612,-84.24913174764343,EPSG:26916
69,IRX_0598_ref_geo.TIFF,0.9253912568092346,1220.2387262296804,0.7918325642192485,30.659803232824203,-84.24913199348971,EPSG:26916
70,IRX_0599_ref_geo.TIFF,0.8889280557632446,1218.6798058688737,-1.5589203608067237,30.659803461106772,-84.24913137373503,EPSG:26916
71,IRX_0600_ref_geo.TIFF,0.9162870645523071,1217.9622076075498,-0.7175982613239285,30.659802264614058,-84.24913113822194,EPSG:26916
72,IRX_0601_ref_geo.TIFF,0.9091829061508179,1208.3117482311263,-9.650459376423441,30.659803257634863,-84.24913215482553,EPSG:26916
73,IRX_0602_ref_geo.TIFF,0.8218693137168884,1205.4908447210946,-2.8209035100317124,30.659804936103484,-84.24913322338112,EPSG:26916
74,IRX_0603_ref_geo.TIFF,0.7794245481491089,1209.1283255629774,3.6374808418827342,30.659804293438714,-84.24913366100171,EPSG:26916
75,IRX_0604_ref_geo.TIFF,0.784771740436554,1199.0819499044442,-10.04637565853318,30.659804410054484,-84.24913488328437,EPSG:26916
76,IRX_0605_ref_geo.TIFF,0.8258458971977234,1196.1373225562534,-2.9446273481908065,30.65980327631661,-84.24913485522464,EPSG:26916
77,IRX_0606_ref_geo.TIFF,0.8334858417510986,1203.6102423810737,7.4729198248203375,30.65980101743195,-84.24913458689598,EPSG:26916
78,IRX_0607_ref_geo.TIFF,0.8362410068511963,1193.0442266022715,-10.566015778802239,30.659801398872208,-84.2491354796796,EPSG:26916
79,IRX_0608_ref_geo.TIFF,0.8766677379608154,1187.0312480677308,-6.012978534540707,30.65980254617443,-84.24913641494528,EPSG:26916
80,IRX_0609_ref_geo.TIFF,0.8620768785476685,1200.49240165946,13.461153591729271,30.659800552824166,-84.24913520037452,EPSG:26916
81,IRX_0610_ref_geo.TIFF,0.8377066254615784,1202.7441755139587,2.2517738544986514,30.65979925305951,-84.24913518758785,EPSG:26916
82,IRX_0611_ref_geo.TIFF,0.890182375907898,1200.9625522444653,-1.781623269493366,30.6598003968841,-84.24913585003925,EPSG:26916
83,IRX_0612_ref_geo.TIFF,0.8849660158157349,1185.0269218895503,-15.93563035491502,30.659803194568536,-84.24913678367176,EPSG:26916
84,IRX_0613_ref_geo.TIFF,0.9006852507591248,1152.6607658270837,-32.366156062466644,30.659809660368882,-84.24913828195172,EPSG:26916
85,IRX_0614_ref_geo.TIFF,0.8674925565719604,1208.0890453224395,55.42827949535581,30.659803613772848,-84.24913787992924,EPSG:26916
86,IRX_0615_ref_geo.TIFF,0.8000158667564392,1167.2849234975101,-40.804121824929325,30.65981076394229,-84.24913873800452,EPSG:26916
87,IRX_0616_ref_geo.TIFF,0.7908821105957031,1200.5666359623556,33.28171246484544,30.659806508683,-84.24913735847618,EPSG:26916
88,IRX_0617_ref_geo.TIFF,0.7958335280418396,1202.7441755139587,2.177539551603104,30.65980589952499,-84.24913691702459,EPSG:26916
89,IRX_0618_ref_geo.TIFF,0.8337659239768982,1220.0655128562576,17.321337342298875,30.65980392999927,-84.24913654993317,EPSG:26916
90,IRX_0619_ref_geo.TIFF,0.762890636920929,1233.9225827300966,13.85706987383901,30.659802958415856,-84.24913504824407,EPSG:26916
91,IRX_0620_ref_geo.TIFF,0.8001460433006287,1239.465410679632,5.542827949535422,30.65980372853962,-84.24913580000909,EPSG:26916
92,IRX_0621_ref_geo.TIFF,0.8655120134353638,1236.4465490285456,-3.018861651086354,30.659805428247363,-84.24913626072461,EPSG:26916
93,IRX_0622_ref_geo.TIFF,0.8920053839683533,1253.7678863708445,17.321337342298875,30.659802197996495,-84.24913564280438,EPSG:26916
94,IRX_0623_ref_geo.TIFF,0.9049869179725647,1240.7026490612247,-13.06523730961976,30.659804009084887,-84.24913671897076,EPSG:26916
95,IRX_0624_ref_geo.TIFF,0.9151172637939453,1233.6009007508824,-7.101748310342373,30.659803373514283,-84.24913658691415,EPSG:26916
96,IRX_0625_ref_geo.TIFF,0.9557684063911438,1216.4775215496384,-17.123379201244006,30.65980168156408,-84.24913794335173,EPSG:26916
97,IRX_0626_ref_geo.TIFF,0.9382235407829285,1196.3105359296765,-20.166985619961906,30.659801308835824,-84.24913903501341,EPSG:26916
98,IRX_0627_ref_geo.TIFF,0.962491512298584,1194.1329963780731,-2.1775395516033313,30.659801377684058,-84.2491391988256,EPSG:26916
99,IRX_0628_ref_geo.TIFF,0.9428130984306335,1210.1181162682517,15.985119890178566,30.659800621222523,-84.24913646966502,EPSG:26916
100,IRX_0629_ref_geo.TIFF,0.9535362124443054,1192.8462684612166,-17.2718478070351,30.659803587372362,-84.24913732691459,EPSG:26916
101,IRX_0630_ref_geo.TIFF,0.9386354088783264,1196.731196979418,3.8849285182013773,30.659803069124457,-84.24913692208314,EPSG:26916
102,IRX_0631_ref_geo.TIFF,0.94681715965271,1187.82308063195,-8.908116347467967,30.65980564126508,-84.2491384671423,EPSG:26916
103,IRX_0632_ref_geo.TIFF,0.9500203132629395,1198.1663935020656,10.343312870115597,30.659805042062096,-84.24913789991815,EPSG:26916
104,IRX_0633_ref_geo.TIFF,0.9534524083137512,1237.411594966188,39.245201464122374,30.659809824936197,-84.24915077868665,EPSG:26916
105,IRX_0634_ref_geo.TIFF,0.9484785795211792,1268.713726020485,31.30213105429698,30.659811755846434,-84.24915812068429,EPSG:26916
106,IRX_0635_ref_geo.TIFF,0.9395748376846313,1288.559029661233,19.845303640747943,30.659811226941525,-84.24916251309199,EPSG:26916
107,IRX_0636_ref_geo.TIFF,0.9406652450561523,1277.0032231771565,-11.555806484076356,30.659810505475193,-84.24915951417022,EPSG:26916
108,IRX_0637_ref_geo.TIFF,0.932481586933136,1305.7318983977405,28.72867522058391,30.65981056110728,-84.24916309066805,EPSG:26916
109,IRX_0638_ref_geo.TIFF,0.9259280562400818,1293.9038994697137,-11.827998928026773,30.659813842182828,-84.24916580304661,EPSG:26916
110,IRX_0639_ref_geo.TIFF,0.9398117065429688,1293.5822174904995,-0.3216819792141905,30.65981680076528,-84.24916798370289,EPSG:26916
111,IRX_0640_ref_geo.TIFF,0.92600017786026,1302.242886161649,8.660668671149551,30.659814931018808,-84.24916708618235,EPSG:26916
112,IRX_0641_ref_geo.TIFF,0.9073097705841064,1295.8339913449984,-6.4088948166506725,30.659815852038943,-84.24916781888275,EPSG:26916
113,IRX_0642_ref_geo.TIFF,0.8966161608695984,1260.1272916522312,-35.70669969276719,30.659817346708305,-84.2491659216417,EPSG:26916
114,IRX_0643_ref_geo.TIFF,0.8968629240989685,357.240210301095,-902.8870813511362,30.65987059125786,-84.24916125809149,EPSG:26916
115,IRX_0644_ref_geo.TIFF,0.8825908899307251,1189.8026620424985,832.5624517414035,30.65980318460763,-84.24913787999354,EPSG:26916
116,IRX_0645_ref_geo.TIFF,0.9175392389297485,1242.0636112809768,52.26094923847836,30.659797963229433,-84.24913652108076,EPSG:26916
117,IRX_0646_ref_geo.TIFF,0.9318241477012634,1215.017580259359,-27.046031021617864,30.659801072062198,-84.24913712089428,EPSG:26916
118,IRX_0647_ref_geo.TIFF,0.9368751645088196,1258.0982207064192,43.080640447060205,30.659794999628147,-84.24913436723983,EPSG:26916
119,IRX_0648_ref_geo.TIFF,0.9424372911453247,1245.3546653760136,-12.74355533040557,30.659799545969705,-84.24913728344829,EPSG:26916
120,IRX_0649_ref_geo.TIFF,0.9602938890457153,1243.6967659446793,-1.6578994313342719,30.659798136218637,-84.24913683483855,EPSG:26916
121,IRX_0650_ref_geo.TIFF,0.9540589451789856,1230.1861228176863,-13.510643126993045,30.659799694619263,-84.2491387704308,EPSG:26916
122,IRX_0651_ref_geo.TIFF,0.9458636045455933,1223.3318221836623,-6.854300634023957,30.65980031952325,-84.2491393830263,EPSG:26916
123,IRX_0652_ref_geo.TIFF,0.9485782980918884,1248.200313653677,24.86849147001476,30.659797818438065,-84.24913830600501,EPSG:26916
124,IRX_0653_ref_geo.TIFF,0.9574798345565796,1265.818588207558,17.618274553880838,30.659798267905575,-84.24913932965487,EPSG:26916
125,IRX_0654_ref_geo.TIFF,0.9665393829345703,1273.8606376879109,8.042049480352944,30.659794223796645,-84.24913759697773,EPSG:26916
126,IRX_0655_ref_geo.TIFF,0.9627736210823059,1264.5318602907014,-9.328777397209478,30.659795047579937,-84.2491367593729,EPSG:26916
127,IRX_0656_ref_geo.TIFF,0.9464201331138611,1207.2972127582202,-57.234647532481176,30.65979461228093,-84.24913506389832,EPSG:26916
128,IRX_0657_ref_geo.TIFF,0.9374873638153076,1246.319711313656,39.02249855543573,30.65978230438256,-84.2491328490539,EPSG:26916
129,IRX_0658_ref_geo.TIFF,0.9628481864929199,1218.1106762133409,-28.209035100315077,30.659782466750578,-84.24914628777269,EPSG:26916
130,IRX_0659_ref_geo.TIFF,0.9625170230865479,474.8768356229351,-743.2338405904057,30.65980664233116,-84.24919115976816,EPSG:26916
131,IRX_0660_ref_geo.TIFF,0.9720030426979065,519.8133336423844,44.93649801944923,30.659804667585185,-84.24921751362946,EPSG:26916
132,IRX_0661_ref_geo.TIFF,0.9716104865074158,1353.712002835908,833.8986691935236,30.65977540929107,-84.24918310209257,EPSG:26916
133,IRX_0662_ref_geo.TIFF,0.972743809223175,1422.8241388316799,69.11213599577195,30.659772869931267,-84.24919504119961,EPSG:26916
134,IRX_0663_ref_geo.TIFF,0.9772003293037415,1469.8886868674686,47.064548035788675,30.659775541514854,-84.24920684349652,EPSG:26916
135,IRX_0664_ref_geo.TIFF,0.974339485168457,1492.4311701800889,22.542483312620334,30.659776555817363,-84.24921791978028,EPSG:26916
136,IRX_0665_ref_geo.TIFF,0.9680972099304199,1506.931604012356,14.500433832267163,30.659777714281244,-84.24923037995184,EPSG:26916
137,IRX_0666_ref_geo.TIFF,0.9685368537902832,1551.1752485381132,44.24364452575719,30.65977297244875,-84.24923911411108,EPSG:26916
138,IRX_0667_ref_geo.TIFF,0.9788327217102051,1561.840243387443,10.664994849329787,30.659776439174323,-84.24925273959978,EPSG:26916
139,IRX_0668_ref_geo.TIFF,0.9887415766716003,1568.1006695983024,6.26042621085935,30.65977905373629,-84.24926391713501,EPSG:26916
140,IRX_0669_ref_geo.TIFF,0.9807846546173096,1491.5898480806056,-76.51082151769674,30.659785512075693,-84.24927695977577,EPSG:26916
141,IRX_0670_ref_geo.TIFF,0.9790011048316956,1672.6968023781546,181.106954297549,30.659771595988193,-84.2492727771299,EPSG:26916
142,IRX_0671_ref_geo.TIFF,0.9555275440216064,1696.080607790258,23.383805412103357,30.659768276615264,-84.2492748691317,EPSG:26916
143,IRX_0672_ref_geo.TIFF,0.9497599005699158,1698.0106996655427,1.9300918752846883,30.659769030166593,-84.24927587874488,EPSG:26916
144,IRX_0673_ref_geo.TIFF,0.9323732852935791,1681.0852786053536,-16.925421060189137,30.659770937623055,-84.24928325225665,EPSG:26916
145,IRX_0674_ref_geo.TIFF,0.961601972579956,1737.3053906649288,56.220112059575285,30.65976548900662,-84.24927312730294,EPSG:26916
146,IRX_0675_ref_geo.TIFF,0.9559001922607422,1608.657343746913,-128.64804691801578,30.659777867236855,-84.24926888779038,EPSG:26916
147,IRX_0676_ref_geo.TIFF,0.8888685703277588,1452.1466884754284,-156.51065527148467,30.659798380861695,-84.24924640940577,EPSG:26916
148,IRX_0677_ref_geo.TIFF,0.9443983435630798,1523.1146820435895,70.96799356816109,30.659799246702455,-84.24925076181515,EPSG:26916
149,IRX_0678_ref_geo.TIFF,0.9796434044837952,1495.3757975282797,-27.738884515309792,30.659803786310867,-84.2492625109776,EPSG:26916
150,IRX_0679_ref_geo.TIFF,0.9776133894920349,508.85140158147243,-986.5243959468073,30.659830437263373,-84.24949600937273,EPSG:26916
151,IRX_0680_ref_geo.TIFF,0.9773392081260681,573.7074375445652,64.85603596309278,30.659804722153297,-84.24953476248872,EPSG:26916
152,IRX_0681_ref_geo.TIFF,0.9745440483093262,1617.8871420735952,1044.17970452903,30.659803503667884,-84.24927344279028,EPSG:26916
153,IRX_0682_ref_geo.TIFF,0.9807193875312805,608.4985808349537,-1009.3885612386415,30.6598332693396,-84.249520087415,EPSG:26916
154,IRX_0683_ref_geo.TIFF,0.9897828698158264,679.3923401002191,70.89375926526543,30.659823041399473,-84.24953119267349,EPSG:26916
155,IRX_0684_ref_geo.TIFF,0.9913654327392578,719.4046293609292,40.01228926071008,30.65983354779383,-84.2495374053993,EPSG:26916
156,IRX_0685_ref_geo.TIFF,0.9893003106117249,711.4120694158399,-7.992559945089283,30.659825433635344,-84.24958325580809,EPSG:26916
157,IRX_0686_ref_geo.TIFF,0.9856761693954468,779.8313519179198,68.41928250207991,30.659827038450086,-84.24955496947615,EPSG:26916
158,IRX_0687_ref_geo.TIFF,0.974856972694397,735.0680672718936,-44.76328464602625,30.659823047654417,-84.24958049692033,EPSG:26916
159,IRX_0688_ref_geo.TIFF,0.9893361330032349,933.7190618204279,198.6509945485343,30.659786825696358,-84.24958663512476,EPSG:26916
160,IRX_0689_ref_geo.TIFF,0.978792130947113,947.0317468063661,13.312684985938176,30.659791289611267,-84.24957985922602,EPSG:26916
161,IRX_0690_ref_geo.TIFF,0.9690831899642944,897.3937429368643,-49.638003869501745,30.659790345490347,-84.24957629335907,EPSG:26916
162,IRX_0691_ref_geo.TIFF,0.9904999136924744,906.0544116080138,8.660668671149438,30.659790831915302,-84.24957546577402,EPSG:26916
163,IRX_0692_ref_geo.TIFF,0.9749572277069092,930.7002001693417,24.64578856132789,30.659786491893836,-84.24956593733086,EPSG:26916
164,IRX_0693_ref_geo.TIFF,0.9768111705780029,855.3523827303422,-75.34781743899941,30.659768423073167,-84.24950982137808,EPSG:26916
165,IRX_0694_ref_geo.TIFF,0.9728516340255737,1156.8178867892354,301.4655040588932,30.659801469957973,-84.24946702130755,EPSG:26916
166,IRX_0695_ref_geo.TIFF,0.9597031474113464,1940.756870134043,783.9389833448076,30.659792929194964,-84.24935911742297,EPSG:26916
167,IRX_0696_ref_geo.TIFF,0.963721752166748,1226.5238972081718,-714.2329729258713,30.659807110016846,-84.24947799428104,EPSG:26916
168,IRX_0697_ref_geo.TIFF,0.9473157525062561,939.0391868612768,-287.484710346895,30.65979925224928,-84.24955600748135,EPSG:26916
169,IRX_0698_ref_geo.TIFF,0.9671035408973694,1850.3394892072438,911.300302345967,30.659799879085284,-84.24930606286887,EPSG:26916
170,IRX_0699_ref_geo.TIFF,0.9508477449417114,831.5974058037611,-1018.7420834034826,30.65982048097405,-84.2495250026577,EPSG:26916
171,IRX_0700_ref_geo.TIFF,0.9174012541770935,710.1253414989834,-121.47206430477775,30.659828816329817,-84.2495740948908,EPSG:26916
172,IRX_0701_ref_geo.TIFF,0.9424386620521545,697.208572795155,-12.916768703828438,30.659836859419627,-84.24957284594683,EPSG:26916
173,IRX_0702_ref_geo.TIFF,0.9386190176010132,673.8000226154198,-23.40855017973513,30.659839117006385,-84.24955509402014,EPSG:26916
174,IRX_0703_ref_geo.TIFF,0.8935995101928711,769.042633230431,95.24261061501113,30.659824876204677,-84.2495617147017,EPSG:26916
175,IRX_0704_ref_geo.TIFF,0.9100013375282288,712.5503287269053,-56.4923045035257,30.65984083686347,-84.24956112554177,EPSG:26916
176,IRX_0705_ref_geo.TIFF,0.8972012400627136,700.3016687491369,-12.248659977768398,30.659848672498548,-84.2495704820981,EPSG:26916
177,IRX_0706_ref_geo.TIFF,0.8929864168167114,689.0675442442746,-11.23412450486228,30.659855305031442,-84.24956832976063,EPSG:26916
178,IRX_0707_ref_geo.TIFF,0.9075800180435181,698.9654512970167,9.897907052742084,30.659856217963544,-84.24956820180573,EPSG:26916
179,IRX_0708_ref_geo.TIFF,0.8892683386802673,962.8189085554898,263.8534572584731,30.659822481821042,-84.24949814922152,EPSG:26916
180,IRX_0709_ref_geo.TIFF,0.9737277626991272,1343.8140957831658,380.99518722767607,30.65975957476129,-84.2495208560063,EPSG:26916
181,IRX_0710_ref_geo.TIFF,0.9579282402992249,1111.2875143466215,-232.52658143654435,30.659801686141428,-84.24950181638978,EPSG:26916
182,IRX_0711_ref_geo.TIFF,0.8000054955482483,1098.4202351780568,-12.867279168564664,30.659817685837385,-84.24948012886657,EPSG:26916
183,IRX_0712_ref_geo.TIFF,0.8607971668243408,2570.7339092734474,1472.3136740953905,30.659754143179395,-84.24936038425011,EPSG:26916
184,IRX_0713_ref_geo.TIFF,0.8620429635047913,2481.8507039398232,-88.88320533362412,30.65976709134195,-84.249340023923,EPSG:26916
185,IRX_0714_ref_geo.TIFF,0.9447012543678284,2445.6491088944185,-36.2015950454047,30.659770024191765,-84.24933785242693,EPSG:26916
186,IRX_0715_ref_geo.TIFF,0.8995927572250366,2115.727122058892,-329.9219868355267,30.65979387019359,-84.24930083212332,EPSG:26916
187,IRX_0716_ref_geo.TIFF,0.9650089740753174,2110.827658067785,-4.899463991107041,30.659790513547037,-84.24930005113184,EPSG:26916
188,IRX_0717_ref_geo.TIFF,0.9578863978385925,2486.824402233826,375.996744166041,30.659758838785937,-84.24933381791986,EPSG:26916
189,IRX_0718_ref_geo.TIFF,0.894672155380249,2156.3580305103983,-330.4663717234275,30.65979019201881,-84.24930558588791,EPSG:26916
190,IRX_0719_ref_geo.TIFF,0.9780092239379883,1943.1076230590695,-213.25040745132878,30.65977760770641,-84.24925354267631,EPSG:26916
191,IRX_0720_ref_geo.TIFF,0.9891282916069031,2931.8343033251117,988.7266802660422,30.6597291550392,-84.24936350254283,EPSG:26916
192,IRX_0721_ref_geo.TIFF,0.9873746633529663,2089.5966474396528,-842.2376558854589,30.65978037505694,-84.24926968458048,EPSG:26916
193,IRX_0722_ref_geo.TIFF,0.9809908866882324,3102.474220914386,1012.8775734747333,30.6597343966571,-84.2493748228561,EPSG:26916
194,IRX_0723_ref_geo.TIFF,0.9905070066452026,2292.182060041652,-810.2921608727338,30.659772775773135,-84.24929685306839,EPSG:26916
195,IRX_0724_ref_geo.TIFF,0.9959107637405396,3274.673058864467,982.4909988228146,30.659726228692733,-84.24938325829136,EPSG:26916
196,IRX_0725_ref_geo.TIFF,0.9953291416168213,3310.2807794867067,35.60772062223987,30.659724356198414,-84.24938090528369,EPSG:26916
197,IRX_0726_ref_geo.TIFF,0.9861577749252319,3371.251886931598,60.97110744489146,30.659726673689086,-84.24938825919652,EPSG:26916
198,IRX_0727_ref_geo.TIFF,0.983608067035675,3343.6119814868157,-27.63990544478247,30.659730626022405,-84.24939615384154,EPSG:26916
199,IRX_0728_ref_geo.TIFF,0.9368140697479248,2682.629748504697,-660.9822329821186,30.659714883226908,-84.24948343697326,EPSG:26916
200,IRX_0729_ref_geo.TIFF,0.8696956634521484,2880.167228509798,197.53748000510086,30.659710927048092,-84.2494906508508,EPSG:26916
201,IRX_0730_ref_geo.TIFF,0.901164710521698,2842.4067131035868,-37.7605154062112,30.659702045205645,-84.24952195617158,EPSG:26916
202,IRX_0731_ref_geo.TIFF,0.8506104350090027,2699.5056800296225,-142.9010330739643,30.659680935544323,-84.24954770286256,EPSG:26916
203,IRX_0732_ref_geo.TIFF,0.8382025361061096,2755.329875807088,55.82419577746532,30.65968112482756,-84.24952904525533,EPSG:26916
204,IRX_0733_ref_geo.TIFF,0.893097996711731,2731.475919809979,-23.853955997108642,30.659686320734558,-84.2494884979779,EPSG:26916
205,IRX_0734_ref_geo.TIFF,0.9336017966270447,2781.0644341442176,49.588514334238425,30.65968874275568,-84.24949267114151,EPSG:26916
206,IRX_0735_ref_geo.TIFF,0.8988721966743469,2895.6574530473395,114.5930189031219,30.659689955710977,-84.24948512282386,EPSG:26916
207,IRX_0736_ref_geo.TIFF,0.9605588912963867,3134.914611279748,239.25715823240853,30.659698298029046,-84.24947870448005,EPSG:26916
208,IRX_0737_ref_geo.TIFF,0.9495031833648682,3236.4423928732504,101.52778159350237,30.659698234072344,-84.24946995690276,EPSG:26916
209,IRX_0738_ref_geo.TIFF,0.965556800365448,3213.7019514195754,-22.740441453674975,30.659697367466798,-84.24947031184439,EPSG:26916
210,IRX_0739_ref_geo.TIFF,0.9202789664268494,3282.863576950611,69.1616255310355,30.65969462594245,-84.24946957277014,EPSG:26916
211,IRX_0740_ref_geo.TIFF,0.8017754554748535,3317.0113562825713,34.147779331960464,30.65969362941505,-84.24946772569561,EPSG:26916
212,IRX_0741_ref_geo.TIFF,0.9321300983428955,3344.8987094036725,27.887353121101114,30.659691112327124,-84.24946589449038,EPSG:26916
213,IRX_0742_ref_geo.TIFF,0.9151752591133118,3348.536190245555,3.6374808418827342,30.659684358970598,-84.24946123108575,EPSG:26916
214,IRX_0743_ref_geo.TIFF,0.953337550163269,3483.7416005860123,135.2054103404571,30.659676812347072,-84.24945832195553,EPSG:26916
215,IRX_0744_ref_geo.TIFF,0.9394806623458862,3522.6403753032887,38.89877471727641,30.65966932637078,-84.24945138327061,EPSG:26916
216,IRX_0745_ref_geo.TIFF,0.98954176902771,3608.9006352679367,86.26025996464796,30.6596751064266,-84.24945757388258,EPSG:26916
217,IRX_0746_ref_geo.TIFF,0.9757180213928223,3933.354028456823,324.45339318888637,30.659673686147606,-84.24947883868278,EPSG:26916
218,IRX_0747_ref_geo.TIFF,0.9872003793716431,3685.7083939972154,-247.64563445960766,30.659673647876144,-84.24945832815419,EPSG:26916
219,IRX_0748_ref_geo.TIFF,0.9753983020782471,3647.2550250973122,-38.453368899903126,30.6596709887177,-84.24945766341845,EPSG:26916
220,IRX_0749_ref_geo.TIFF,0.9681652784347534,3607.5396730481843,-39.71535204912789,30.659665800378463,-84.24945074388545,EPSG:26916
221,IRX_0750_ref_geo.TIFF,0.7922069430351257,3585.7890222997835,-21.750650748400858,30.65966301209718,-84.24943969636875,EPSG:26916
222,IRX_0751_ref_geo.TIFF,0.7902266383171082,3786.543322097026,200.7542997972423,30.659663730126578,-84.24944843416178,EPSG:26916
223,IRX_0752_ref_geo.TIFF,0.9365965127944946,4603.071164412987,816.5278423159612,30.659638912732774,-84.2494407238736,EPSG:26916
224,IRX_0753_ref_geo.TIFF,0.9730957746505737,4446.53576437387,-156.53540003911712,30.659634233941226,-84.24944142395573,EPSG:26916
225,IRX_0754_ref_geo.TIFF,0.9858112335205078,4388.088623227428,-58.447141146441936,30.65962923983728,-84.24944093815843,EPSG:26916
226,IRX_0755_ref_geo.TIFF,0.9189853072166443,4562.16806351753,174.07944029010196,30.65963724200518,-84.24944563111634,EPSG:26916
227,IRX_0756_ref_geo.TIFF,0.8011472821235657,4831.292156281588,269.12409276405833,30.659643562961545,-84.24943421753919,EPSG:26916
228,IRX_0757_ref_geo.TIFF,0.9105703234672546,4911.836374923278,80.54421864168944,30.659645478680627,-84.24943104345759,EPSG:26916
229,IRX_0758_ref_geo.TIFF,0.9723065495491028,4795.412243215398,-116.4241317078795,30.65964638938021,-84.24943874938408,EPSG:26916
230,IRX_0759_ref_geo.TIFF,0.9824417233467102,4724.023588597495,-71.38865461790283,30.65965071271103,-84.24944699200506,EPSG:26916
231,IRX_0760_ref_geo.TIFF,0.9640200138092041,4442.92302829962,-281.10056029787575,30.65965242347096,-84.24946456408675,EPSG:26916
232,IRX_0761_ref_geo.TIFF,0.8718833923339844,4409.468102461351,-33.45492583826854,30.659655425134297,-84.2494516180497,EPSG:26916
233,IRX_0762_ref_geo.TIFF,0.9778072237968445,4119.830597330485,-289.637505130866,30.659644229847114,-84.24945388040015,EPSG:26916
234,IRX_0763_ref_geo.TIFF,0.9792720675468445,4127.1055590142505,7.2749616837654685,30.65964110154048,-84.24944694957044,EPSG:26916
235,IRX_0764_ref_geo.TIFF,0.967395544052124,4106.220975132965,-20.884583881285835,30.65964202828128,-84.24945243284641,EPSG:26916
236,IRX_0765_ref_geo.TIFF,0.9403699636459351,4212.128580597305,105.90760546434012,30.659651005976595,-84.24946516048479,EPSG:26916
237,IRX_0766_ref_geo.TIFF,0.9276888370513916,4206.46202880961,-5.666551787694516,30.65964577283696,-84.24946423533567,EPSG:26916
238,IRX_0767_ref_geo.TIFF,0.9017388820648193,4056.187054981353,-150.27497382825732,30.659638545291084,-84.24946067770857,EPSG:26916
239,IRX_0768_ref_geo.TIFF,0.8747249841690063,4101.89064079739,45.70358581603705,30.65963939750882,-84.2494564825855,EPSG:26916
240,IRX_0769_ref_geo.TIFF,0.8503669500350952,4167.414785486542,65.52414468915231,30.659633522641425,-84.24945447299567,EPSG:26916
241,IRX_0770_ref_geo.TIFF,0.7192831039428711,4116.415819397289,-50.99896608925337,30.65963303632072,-84.24945457084999,EPSG:26916
242,IRX_0771_ref_geo.TIFF,0.7349397540092468,4117.182907193876,0.7670877965874752,30.65963249890665,-84.24945551017754,EPSG:26916
243,IRX_0772_ref_geo.TIFF,0.7602511644363403,4341.469481009012,224.28657381513585,30.659630618376337,-84.24945281680553,EPSG:26916
244,IRX_0773_ref_geo.TIFF,0.6285790205001831,4402.1683960099535,60.69891500094127,30.65963022930253,-84.24945702731374,EPSG:26916
245,IRX_0774_ref_geo.TIFF,0.5582590699195862,4300.813827789874,-101.35456822007927,30.65963022251777,-84.24945608225872,EPSG:26916
246,IRX_0775_ref_geo.TIFF,0.8477199673652649,4449.158709742847,148.34488195297308,30.65961691104132,-84.24944222651695,EPSG:26916
247,IRX_0776_ref_geo.TIFF,0.6579018831253052,4259.094149562567,-190.06456018028075,30.65962625774729,-84.24945492342353,EPSG:26916
248,IRX_0777_ref_geo.TIFF,0.8935220837593079,4314.918345340032,55.82419577746532,30.659625057229853,-84.24945407072958,EPSG:26916
249,IRX_0778_ref_geo.TIFF,0.6812752485275269,4242.440920946327,-72.4774243937045,30.659629754414933,-84.24945416787719,EPSG:26916
250,IRX_0779_ref_geo.TIFF,0.7406511306762695,4147.990142895536,-94.45077805079109,30.659633459379315,-84.24945457238695,EPSG:26916
251,IRX_0780_ref_geo.TIFF,0.6820855736732483,3988.1884335290147,-159.80170936652166,30.659635025523666,-84.24945160658194,EPSG:26916
252,IRX_0781_ref_geo.TIFF,0.7569467425346375,4329.418779172299,341.2303456432842,30.65962733138028,-84.24945438412087,EPSG:26916
253,IRX_0782_ref_geo.TIFF,0.8496256470680237,4225.218562674557,-104.20021649774208,30.65963864050963,-84.24945639681529,EPSG:26916
254,IRX_0783_ref_geo.TIFF,0.8499271869659424,4329.443523939931,104.22496126537408,30.659631068952358,-84.24945939859272,EPSG:26916
255,IRX_0784_ref_geo.TIFF,0.8563374280929565,4213.2173503731065,-116.2261735668244,30.659632875120177,-84.24945810049685,EPSG:26916
256,IRX_0785_ref_geo.TIFF,0.8401457071304321,4391.404422090097,178.18707171699043,30.659628828289428,-84.24945756598173,EPSG:26916
257,IRX_0786_ref_geo.TIFF,0.8048637509346008,4468.781310474908,77.37688838481154,30.659628271527005,-84.24945370422301,EPSG:26916
258,IRX_0787_ref_geo.TIFF,0.7444818615913391,4387.4700040366315,-81.31130643827692,30.65962809359906,-84.24945576421635,EPSG:26916
259,IRX_0788_ref_geo.TIFF,0.7105870246887207,4082.614466812174,-304.8555372244573,30.659628393847076,-84.24945536790958,EPSG:26916
260,IRX_0789_ref_geo.TIFF,0.6217025518417358,4203.938062511161,121.32359569898654,30.659633426821507,-84.24945889210599,EPSG:26916
261,IRX_0790_ref_geo.TIFF,0.6243420243263245,4104.637310004526,-99.30075250663504,30.65962660365794,-84.24945557692165,EPSG:26916
262,IRX_0791_ref_geo.TIFF,0.6369920372962952,4128.293307860579,23.655997856053546,30.659630571360537,-84.24945248696913,EPSG:26916
263,IRX_0792_ref_geo.TIFF,0.7514712810516357,4258.772467583352,130.47915972277315,30.65963105678814,-84.2494578136542,EPSG:26916
264,IRX_0793_ref_geo.TIFF,0.6627229452133179,4661.839987538643,403.06751995529066,30.659626138511786,-84.24944222040267,EPSG:26916
265,IRX_0794_ref_geo.TIFF,0.667384147644043,4372.202482407777,-289.637505130866,30.659633488247174,-84.24945373441746,EPSG:26916
266,IRX_0795_ref_geo.TIFF,0.7898051142692566,4300.88806209277,-71.31442031500683,30.659636883679365,-84.24945686192581,EPSG:26916
267,IRX_0796_ref_geo.TIFF,0.7745579481124878,4947.122413566303,646.234351473533,30.65963377999234,-84.24943138810545,EPSG:26916
268,IRX_0797_ref_geo.TIFF,0.7260294556617737,5068.000603447917,120.87818988161325,30.65963598593361,-84.24943034224019,EPSG:26916
269,IRX_0798_ref_geo.TIFF,0.8001652956008911,4960.3856090169775,-107.61499443093908,30.659633743046694,-84.24943091552016,EPSG:26916
270,IRX_0799_ref_geo.TIFF,0.7816783785820007,4568.502724031285,-391.8828849856927,30.659637272641927,-84.24944147225509,EPSG:26916
271,IRX_0800_ref_geo.TIFF,0.7598804235458374,4475.239694826822,-93.26302920446233,30.659641390563475,-84.24945436780939,EPSG:26916
272,IRX_0801_ref_geo.TIFF,0.7180177569389343,4411.818855386377,-63.42083944044498,30.659640395235677,-84.24945651659792,EPSG:26916
273,IRX_0802_ref_geo.TIFF,0.726060688495636,4492.387818795698,80.56896340932053,30.659640503311877,-84.24945032240325,EPSG:26916
274,IRX_0803_ref_geo.TIFF,0.7182078957557678,4633.086567550427,140.69874875472942,30.659638837715853,-84.24944195618244,EPSG:26916
275,IRX_0804_ref_geo.TIFF,0.825530469417572,4591.0204625762735,-42.06610497415386,30.659639951262314,-84.24944369303915,EPSG:26916
276,IRX_0805_ref_geo.TIFF,0.6763352751731873,4567.389209487852,-23.631253088421545,30.659644388109584,-84.24944007931614,EPSG:26916
277,IRX_0806_ref_geo.TIFF,0.7597916126251221,4522.15577425682,-45.23343523103176,30.659647197981734,-84.24944265575029,EPSG:26916
278,IRX_0807_ref_geo.TIFF,0.6875598430633545,4488.601869348025,-33.55390490879563,30.65964415366131,-84.24944141460566,EPSG:26916
279,IRX_0808_ref_geo.TIFF,0.8327888250350952,4513.61882942383,25.0169600758054,30.65964510644929,-84.24943964436761,EPSG:26916
280,IRX_0809_ref_geo.TIFF,0.7782358527183533,4529.826652222695,16.20782279886498,30.659644794902743,-84.24943889147396,EPSG:26916
281,IRX_0810_ref_geo.TIFF,0.7888773679733276,4418.598921717506,-111.22773050518936,30.659641006387183,-84.2494424979847,EPSG:26916
282,IRX_0811_ref_geo.TIFF,0.7639732956886292,4558.233645464065,139.63472374655976,30.659646020793488,-84.24944041671822,EPSG:26916
283,IRX_0812_ref_geo.TIFF,0.7717263102531433,4603.145398715882,44.91175325181666,30.65964505728696,-84.24943922177204,EPSG:26916
284,IRX_0813_ref_geo.TIFF,0.7388470768928528,4652.041059556429,48.89566084054695,30.6596473866175,-84.2494391004608,EPSG:26916
285,IRX_0814_ref_geo.TIFF,0.7494545578956604,4713.0616565365835,61.02059698015455,30.659647925576582,-84.24943778390976,EPSG:26916
286,IRX_0815_ref_geo.TIFF,0.6797195672988892,4761.363442953965,48.30178641738166,30.659648470199613,-84.2494371576468,EPSG:26916
287,IRX_0816_ref_geo.TIFF,0.705875039100647,4689.999533103694,-71.36390985027083,30.659647258246217,-84.24943906816443,EPSG:26916
288,IRX_0817_ref_geo.TIFF,0.6768414378166199,4659.687192754672,-30.312340349022634,30.659644155732927,-84.24944246536461,EPSG:26916
289,IRX_0818_ref_geo.TIFF,0.6444718241691589,4709.54789953286,49.860706778188614,30.659639068080928,-84.24943799929873,EPSG:26916
290,IRX_0819_ref_geo.TIFF,0.5680755376815796,4728.799328750444,19.25142921758379,30.659637914029247,-84.24943680856082,EPSG:26916
291,IRX_0820_ref_geo.TIFF,0.7302706241607666,4719.792233332449,-9.007095417995515,30.65963656235873,-84.24943581939802,EPSG:26916
292,IRX_0821_ref_geo.TIFF,0.7615058422088623,4740.132432325833,20.340198993384547,30.65963677854489,-84.24943454134954,EPSG:26916
293,IRX_0822_ref_geo.TIFF,0.7040042877197266,4874.546010102072,134.41357777623853,30.65963450684961,-84.24942903696939,EPSG:26916
294,IRX_0823_ref_geo.TIFF,0.8090160489082336,4802.6129705962685,-71.93303950580321,30.65963882510652,-84.24943932262141,EPSG:26916
295,IRX_0824_ref_geo.TIFF,0.693789541721344,4710.834627449717,-91.77834314655138,30.659637588221628,-84.24943801608406,EPSG:26916
